<?xml version="1.0" encoding="utf-8"?>
<!-- BINGIE -->
<fonts>
	<fontset id="Default" unicode="true"> <!--Netflix sans font now default-->	
		<font>
            <name>IBold30</name>
            <filename>Impact.ttf</filename>
            <size>30</size>
        </font>
        <font>
            <name>arial26</name>
            <filename>arial.ttf</filename>
            <size>26</size>
        </font>
	<!-- confluence compatibility fonts -->
        <font>
            <name>font10</name>
            <filename>Netflix-sans-medium.ttf</filename>
 	  	 <style>lighten</style>
            <size>21</size>
        </font>
        <font>
            <name>font12</name>
            <filename>Netflix-sans-medium.ttf</filename>
 	 <style>lighten</style>
            <size>26</size>
        </font>
        <font>
            <name>font13</name>
            <filename>Netflix-sans-medium.ttf</filename>
 	  	 	 <style>lighten</style>
            <size>30</size>
        </font>
        <font>
            <name>font14</name>
            <filename>Netflix-sans-medium.ttf</filename>
 	  	 <style>lighten</style>
            <size>33</size>
        </font>
        <font>
            <name>font16</name>
            <filename>Netflix-sans-medium.ttf</filename>
 	  	 	 <style>lighten</style>
            <size>38</size>
        </font>
        <font>
            <name>font30</name>
            <filename>Netflix-sans-medium.ttf</filename>
 	  	 	 <style>lighten</style>
            <size>45</size>
        </font>
        <font>
            <name>font37</name>
            <filename>Netflix-sans-medium.ttf</filename>
 	  	 	 <style>lighten</style>
            <size>52</size>
        </font>
        <font>
            <name>fontContextMenu</name>
            <filename>Netflix-sans-medium.ttf</filename>
 	  	 	 <style>lighten</style>
            <size>27</size>
        </font>
    <!-- Title Fonts -->
        <font>
            <name>font10_title</name>
            <filename>Netflix-sans-Bold.ttf</filename>
            <size>18</size>
        </font>
        <font>
            <name>font12_title</name>
            <filename>Netflix-sans-Bold.ttf</filename>
            <size>26</size>
        </font>
        <font>
            <name>font13_title</name>
            <filename>Netflix-sans-Bold.ttf</filename>
            <size>30</size>
        </font>
        <font>
            <name>font20_title</name>
            <filename>Netflix-sans-Bold.ttf</filename>
            <size>34</size>
        </font>
        <font>
            <name>font24_title</name>
            <filename>Netflix-sans-Bold.ttf</filename>
            <size>36</size>
        </font>
        <font>
            <name>font28_title</name>
            <filename>Netflix-sans-Bold.ttf</filename>
            <size>42</size>
        </font>
        <font>
            <name>font30_title</name>
            <filename>Netflix-sans-Bold.ttf</filename>
            <size>45</size>
        </font>
        <font>
            <name>font35_title</name>
            <filename>Netflix-sans-Bold.ttf</filename>
            <size>52</size>
        </font>
        <font>
            <name>font_MainMenu</name>
            <filename>Netflix-sans-Bold.ttf</filename>
            <size>60</size>
        </font>
        <font>
            <name>WeatherTemp</name>
            <filename>Netflix-sans-Bold.ttf</filename>
            <size>120</size>
        </font>
		<font>
            <name>flags</name>
            <filename>Netflix-sans-medium.ttf</filename>
 	  	 	 <style>lighten</style>		
            <size>24</size>
		
        </font>
		<font>
            <name>indicator_small</name>
            <filename>Netflix-sans-medium.ttf</filename>
 	  	 	 <style>lighten</style>
			<size>18</size>
			</font>
		<font>
            <name>indicator_normal</name>
            <filename>Netflix-sans-medium.ttf</filename>
 	  	 	 <style>lighten</style>
	        <size>21</size>
			</font>
		<font>
            <name>indicator_large</name>
            <filename>Netflix-sans-medium.ttf</filename>
 	  	 	 <style>lighten</style>
 			<size>28</size>
			</font>
		<font>
            <name>flags_classic</name>
            <filename>Netflix-sans-medium.ttf</filename>
			<style>lighten Uppercase</style>
            <size>20</size>
		</font>
		<font>
            <name>footer</name>
            <filename>Netflix-sans-medium.ttf</filename>
			<aspect>0.9</aspect>
            <size>25</size>
		</font>
		<font>
            <name>footer1</name>
            <filename>Netflix-sans-medium.ttf</filename>
			<aspect></aspect>
            <size>22</size>
		</font>
		<font>
            <name>rss</name>
            <filename>Netflix-sans-Bold.ttf</filename>
            <size>28</size>
			<style>bold</style>
        </font>
    <!-- ============= -->
    <!--     Light     -->
    <!-- ============= -->
        <font>
            <name>Light1</name>
            <filename>Netflix-sans-medium.ttf</filename>
			<style>lighten</style>
            <size>1</size>
        </font>
		<font>
            <name>Light10</name>
            <filename>Netflix-sans-medium.ttf</filename>
			<style>lighten</style>
            <size>10</size>
        </font>
        <font>
            <name>Light12</name>
            <filename>Netflix-sans-medium.ttf</filename>
			<style>lighten</style>
            <size>12</size>
        </font>
        <font>
            <name>Light13</name>
            <filename>Netflix-sans-medium.ttf</filename>
			<style>lighten</style>
            <size>13</size>
        </font>
        <font>
            <name>Light14</name>
            <filename>Netflix-sans-medium.ttf</filename>
		<style>lighten</style>
            <size>14</size>
        </font>
        <font>
            <name>Light16</name>
            <filename>Netflix-sans-medium.ttf</filename>
			<style>lighten</style>
            <size>16</size>
        </font>
		<font>
            <name>Light18</name>
            <filename>Netflix-sans-medium.ttf</filename>
			<style>lighten</style>
            <size>18</size>
        </font>
        <font>
            <name>Light20</name>
            <filename>Netflix-sans-medium.ttf</filename>
			<style>lighten</style>
            <size>20</size>
        </font>
		<font>
            <name>Light22</name>
            <filename>Netflix-sans-medium.ttf</filename>
			<style>lighten</style>
            <size>22</size>
        </font>
		<font>
            <name>Light24</name>
            <filename>Netflix-sans-medium.ttf</filename>
			<style>lighten</style>
            <size>24</size>
		</font>
        <font>
            <name>Light25</name>
            <filename>Netflix-sans-medium.ttf</filename>
			<style>lighten</style>
            <size>25</size>
        </font>
        <font>
            <name>Light26</name>
            <filename>Netflix-sans-medium.ttf</filename>
			<style>lighten</style>
            <size>26</size>
        </font>
        <font>
            <name>Light27</name>
            <filename>Netflix-sans-medium.ttf</filename>
			
            <size>27</size>
        </font>
        <font>
            <name>Light28</name>
            <filename>Netflix-sans-medium.ttf</filename>
			<style>lighten</style>
            <size>28</size>
        </font>
        <font>
            <name>Light29</name>
            <filename>Netflix-sans-medium.ttf</filename>
			<style>lighten</style>
            <size>29</size>
        </font>
        <font>
            <name>Light30</name>
            <filename>Netflix-sans-medium.ttf</filename>
			<style>lighten</style>
            <size>30</size>
        </font>
        <font>
            <name>Light31</name>
            <filename>Netflix-sans-medium.ttf</filename>
			<style>lighten</style>
            <size>31</size>
        </font>
	<!--Small-->
        <font>
            <name>Light32</name>
            <filename>Netflix-sans-medium.ttf</filename>
			<style>lighten</style>
            <size>32</size>
        </font>
        <font>
            <name>Light33</name>
            <filename>Netflix-sans-medium.ttf</filename>
			<style>lighten</style>
            <size>33</size>
        </font>
        <font>
            <name>Light34</name>
            <filename>Netflix-sans-medium.ttf</filename>
			<style>lighten</style>
            <size>34</size>
        </font>
        <font>
            <name>Light35</name>
            <filename>Netflix-sans-medium.ttf</filename>
			<style>lighten</style>
            <size>35</size>
        </font>
        <font>
            <name>Light36</name>
            <filename>Netflix-sans-medium.ttf</filename>
			<style>lighten</style>
            <size>36</size>
        </font>
        <font>
            <name>Light37</name>
            <filename>Netflix-sans-medium.ttf</filename>
			<style>lighten</style>
            <size>37</size>
        </font>
    <!--Medium-->
        <font>
            <name>Light38</name>
            <filename>Netflix-sans-medium.ttf</filename>
			<style>lighten</style>
            <size>38</size>
        </font>
        <font>
            <name>Light40</name>
            <filename>Netflix-sans-medium.ttf</filename>
			<style>lighten</style>
            <size>40</size>
        </font>
        <font>
            <name>Light41</name>
            <filename>Netflix-sans-medium.ttf</filename>
			<style>lighten</style>
            <size>41</size>
        </font>
        <font>
            <name>Light42</name>
            <filename>Netflix-sans-medium.ttf</filename>
			<style>lighten</style>
            <size>42</size>
        </font>
        <font>
            <name>Light44</name>
            <filename>Netflix-sans-medium.ttf</filename>
			<style>lighten</style>
            <size>44</size>
        </font>
    <!--Large-->
        <font>
            <name>Light45</name>
            <filename>Netflix-sans-medium.ttf</filename>
			<style>lighten</style>
            <size>45</size>
        </font>
        <font>
            <name>Light46</name>
            <filename>Netflix-sans-medium.ttf</filename>
			<style>lighten</style>
            <size>46</size>
        </font>
        <font>
            <name>Light48</name>
            <filename>Netflix-sans-medium.ttf</filename>
			<style>lighten</style>
            <size>48</size>
        </font>
        <font>
            <name>Light49</name>
            <filename>Netflix-sans-medium.ttf</filename>
			<style>lighten</style>
            <size>49</size>
        </font>
        <font>
            <name>Light50</name>
            <filename>Netflix-sans-medium.ttf</filename>
			<style>lighten</style>
            <size>50</size>
        </font>
        <font>
            <name>Light51</name>
            <filename>Netflix-sans-medium.ttf</filename>
			<style>lighten</style>
            <size>51</size>
        </font>
        <font>
            <name>Light52</name>
            <filename>Netflix-sans-medium.ttf</filename>
			<style>lighten</style>
            <size>52</size>
        </font>
        <font>
            <name>Light54</name>
            <filename>Netflix-sans-medium.ttf</filename>
			<style>lighten</style>
            <size>54</size>
        </font>
        <font>
            <name>Light56</name>
            <filename>Netflix-sans-medium.ttf</filename>
			<style>lighten</style>
            <size>56</size>
        </font>
        <font>
            <name>Light58</name>
            <filename>Netflix-sans-medium.ttf</filename>
			<style>lighten</style>
            <size>58</size>
        </font>
        <font>
            <name>Light60</name>
            <filename>Netflix-sans-medium.ttf</filename>
			<style>lighten</style>
            <size>60</size>
        </font>
        <font>
            <name>Light62</name>
            <filename>Netflix-sans-medium.ttf</filename>
			<style>lighten</style>
            <size>62</size>
        </font>
        <font>
            <name>Light64</name>
            <filename>Netflix-sans-medium.ttf</filename>
			<style>lighten</style>
            <size>64</size>
        </font>
        <font>
            <name>Light66</name>
            <filename>Netflix-sans-medium.ttf</filename>
			<style>lighten</style>
            <size>66</size>
        </font>
        <font>
            <name>Light68</name>
            <filename>Netflix-sans-medium.ttf</filename>
			<style>lighten</style>
            <size>68</size>
        </font>
        <font>
            <name>Light70</name>
            <filename>Netflix-sans-medium.ttf</filename>
			<style>lighten</style>
            <size>70</size>
        </font>
        <font>
            <name>Light72</name>
            <filename>Netflix-sans-medium.ttf</filename>
			<style>lighten</style>
            <size>72</size>
        </font>
        <font>
            <name>Light74</name>
            <filename>Netflix-sans-medium.ttf</filename>
			<style>lighten</style>
            <size>74</size>
        </font>
        <font>
            <name>Light75</name>
            <filename>Netflix-sans-medium.ttf</filename>
			<style>lighten</style>
            <size>75</size>
        </font>
        <font>
            <name>Light100</name>
            <!--Home-->
            <filename>Netflix-sans-medium.ttf</filename>
			<style>lighten</style>
            <size>100</size>
        </font>
        <font>
            <name>Light150</name>
            <!--Home-->
            <filename>Netflix-sans-medium.ttf</filename>
			<style>lighten</style>
            <size>150</size>
        </font>
        <font>
            <name>Light200</name>
            <filename>Netflix-sans-medium.ttf</filename>
			<style>lighten</style>
            <size>200</size>
        </font>
        <font>
            <name>Light270</name>
            <filename>Netflix-sans-medium.ttf</filename>
			<style>lighten</style>
            <size>270</size>
        </font>
    <!-- ============= -->
    <!--     Regular     -->
    <!-- ============= -->
        <font>
            <name>Reg1</name>
            <filename>Netflix-sans-medium.ttf</filename>
			<style>lighten</style>
            <size>1</size>
        </font>
		<font>
            <name>Reg10</name>
            <filename>Netflix-sans-medium.ttf</filename>
			<style>lighten</style>
            <size>10</size>
        </font>
        <font>
            <name>Reg12</name>
            <filename>Netflix-sans-medium.ttf</filename>
			<style>lighten</style>
            <size>12</size>
        </font>
        <font>
            <name>Reg13</name>
            <filename>Netflix-sans-medium.ttf</filename>
			<style>lighten</style>
            <size>13</size>
        </font>
        <font>
            <name>Reg14</name>
            <filename>Netflix-sans-medium.ttf</filename>
			<style>lighten</style>
            <size>14</size>
        </font>
		<font>
            <name>Reg15</name>
            <filename>Netflix-sans-medium.ttf</filename>
			<style>lighten</style>
            <size>15</size>
        </font>
        <font>
            <name>Reg16</name>
            <filename>Netflix-sans-medium.ttf</filename>
			<style>lighten</style>
            <size>16</size>
        </font>
		<font>
            <name>Reg17</name>
            <filename>Netflix-sans-medium.ttf</filename>
			<style>lighten</style>
            <size>17</size>
        </font>
		<font>
            <name>Reg18</name>
            <filename>Netflix-sans-medium.ttf</filename>
			<style>lighten</style>
            <size>18</size>
        </font>
		<font>
            <name>Reg19</name>
            <filename>Netflix-sans-medium.ttf</filename>
			<style>lighten</style>
            <size>19</size>
        </font>
        <font>
            <name>Reg20</name>
            <filename>Netflix-sans-medium.ttf</filename>
			<style>lighten</style>
            <size>20</size>
        </font>
		<font>
            <name>Reg22</name>
            <filename>Netflix-sans-medium.ttf</filename>
			<style>lighten</style>
            <size>22</size>
        </font>
		<font>
		 <name>Reg23</name>
            <filename>Netflix-sans-medium.ttf</filename>
			<style>lighten</style>
            <size>23</size>
        </font>
		<font>					  
			<name>Reg24</name>
            <filename>Netflix-sans-medium.ttf</filename>
			<style>lighten</style>
            <size>24</size>
		</font>
        <font>
            <name>Reg25</name>
            <filename>Netflix-sans-medium.ttf</filename>
			<style>lighten</style>
            <size>25</size>
        </font>
        <font>
            <name>Reg26</name>
            <filename>Netflix-sans-medium.ttf</filename>
			<style>lighten</style>
            <size>26</size>
        </font>
        <font>
            <name>Reg27</name>
            <filename>Netflix-sans-medium.ttf</filename>
			<style>lighten</style>
            <size>27</size>
        </font>
		<font>
            <name>Reg28</name>
            <filename>Netflix-sans-medium.ttf</filename>
			<style>lighten</style>
            <size>28</size> 
        </font>
		<font>
<!--plot font for bingie home/bingie library & Info Dialogue-->
			<name>Plots</name>
            <filename>Netflix-sans-medium.ttf</filename>
			<style>lighten</style>
            <size>31</size> 
        </font>
		
        <font>
            <name>Reg29</name>
            <filename>Netflix-sans-medium.ttf</filename> 
			<style>lighten</style>
            <size>29</size> 
        </font>
		<font>
            <name>Reg30</name>
            <filename>Netflix-sans-medium.ttf</filename>
			<style>lighten</style>
            <size>30</size>
        </font>
        <font>
            <name>Reg31</name>
            <filename>Netflix-sans-medium.ttf</filename>
			<style>lighten</style>
            <size>31</size>
        </font>
	<!--Small-->
        <font>
            <name>Reg32</name>
            <filename>Netflix-sans-medium.ttf</filename>
			<style>lighten</style>
            <size>32</size>
        </font>
        <font>
            <name>Reg33</name>
            <filename>Netflix-sans-medium.ttf</filename>
			<style>lighten</style>
            <size>33</size>
        </font>
        <font>
            <name>Reg34</name>
            <filename>Netflix-sans-medium.ttf</filename>
			<style>lighten</style>
            <size>34</size>
        </font>
        <font>
            <name>Reg35</name> <!--sideblademenu font-->
            <filename>Netflix-sans-medium.ttf</filename>
			<style>lighten</style>
            <size>35</size>
        </font>
        <font>
            <name>Reg36</name>  
            <filename>Netflix-sans-medium.ttf</filename>
			<style>lighten</style>
            <size>36</size>
        </font>
        <font>
            <name>Reg37</name>
            <filename>Netflix-sans-medium.ttf</filename>
			<style>lighten</style>
            <size>37</size>
        </font>
    <!--Medium-->
        <font>
            <name>Reg38</name>
            <filename>Netflix-sans-medium.ttf</filename>
			<style>lighten</style>
            <size>38</size>
        </font>
        <font>
            <name>Reg40</name>
            <filename>Netflix-sans-medium.ttf</filename>
			<style>lighten</style>
            <size>40</size>
        </font>
        <font>
            <name>Reg41</name>
            <filename>Netflix-sans-medium.ttf</filename>
			<style>lighten</style>
            <size>41</size>
        </font>
        <font>
            <name>Reg42</name>
            <filename>Netflix-sans-medium.ttf</filename>
			<style>lighten</style>
            <size>42</size>
        </font>
        <font>
            <name>Reg44</name>
            <filename>Netflix-sans-medium.ttf</filename>
			<style>lighten</style>
            <size>44</size>
        </font>
    <!--Large-->
        <font>
            <name>Reg45</name>
            <filename>Netflix-sans-medium.ttf</filename>
			<style>lighten</style>
            <size>45</size>
        </font>
        <font>
            <name>Reg46</name>
            <filename>Netflix-sans-medium.ttf</filename>
			<style>lighten</style>
            <size>46</size>
        </font>
        <font>
            <name>Reg48</name>
            <filename>Netflix-sans-medium.ttf</filename>
			<style>lighten</style>
            <size>48</size>
        </font>
        <font>
            <name>Reg49</name>
            <filename>Netflix-sans-medium.ttf</filename>
			<style>lighten</style>
            <size>49</size>
        </font>
        <font>
            <name>Reg50</name>
            <filename>Netflix-sans-medium.ttf</filename>
			<style>lighten</style>
            <size>50</size>
        </font>
        <font>
            <name>Reg51</name>
            <filename>Netflix-sans-medium.ttf</filename>
			<style>lighten</style>
            <size>51</size>
        </font>
        <font>
            <name>Reg52</name>
            <filename>Netflix-sans-medium.ttf</filename>
			<style>lighten</style>
            <size>52</size>
        </font>
        <font>
            <name>Reg54</name>
            <filename>Netflix-sans-medium.ttf</filename>
			<style>lighten</style>
            <size>54</size>
        </font>
        <font>
            <name>Reg55</name>
            <filename>Netflix-sans-medium.ttf</filename>
			<style>lighten</style>
            <size>55</size>
        </font>
        <font>
            <name>Reg56</name>
            <filename>Netflix-sans-medium.ttf</filename>
			<style>lighten</style>
            <size>56</size>
        </font>
        <font>
            <name>Reg58</name>
            <filename>Netflix-sans-medium.ttf</filename>
			<style>lighten</style>
            <size>58</size>
        </font>
        <font>
            <name>Reg60</name>
            <filename>Netflix-sans-medium.ttf</filename>
			<style>lighten</style>
            <size>60</size>
        </font>
        <font>
            <name>Reg62</name>
            <filename>Netflix-sans-medium.ttf</filename>
			<style>lighten</style>
            <size>62</size>
        </font>
        <font>
            <name>Reg64</name>
            <filename>Netflix-sans-medium.ttf</filename>
			<style>lighten</style>
            <size>64</size>
        </font>
        <font>
            <name>Reg66</name>
            <filename>Netflix-sans-medium.ttf</filename>
			<style>lighten</style>
            <size>66</size>
        </font>
        <font>
            <name>Reg68</name>
            <filename>Netflix-sans-medium.ttf</filename>
			<style>lighten</style>
            <size>68</size>
        </font>
        <font>
            <name>Reg70</name>
            <filename>Netflix-sans-medium.ttf</filename>
			<style>lighten</style>
            <size>70</size>
        </font>
        <font>
            <name>Reg72</name>
            <filename>Netflix-sans-medium.ttf</filename>
			<style>lighten</style>
            <size>72</size>
        </font>
        <font>
            <name>Reg74</name>
            <filename>Netflix-sans-medium.ttf</filename>
			<style>lighten</style>
            <size>74</size>
        </font>
        <font>
            <name>Reg75</name>
            <filename>Netflix-sans-medium.ttf</filename>
			<style>lighten</style>
            <size>75</size>
        </font>
        <font>
            <name>Reg100</name>
            <filename>Netflix-sans-medium.ttf</filename>
			<style>lighten</style>
            <size>100</size>
        </font>
        <font>
            <name>Reg120</name>
            <filename>Netflix-sans-medium.ttf</filename>
			<style>lighten</style>
            <size>120</size>
        </font>
    <!--Home-->
        <font>
            <name>Reg270</name>
            <filename>Netflix-sans-medium.ttf</filename>
			<style>lighten</style>
            <size>270</size>
        </font>
    <!-- ============= -->
    <!--     Bold     -->
    <!-- ============= -->
        <font>
            <name>Bold1</name>
            <filename>Netflix-sans-Bold.ttf</filename>
            <size>1</size>
        </font>
		<font>
            <name>Bold10</name>
            <filename>Netflix-sans-Bold.ttf</filename>
            <size>10</size>
        </font>
        <font>
            <name>Bold12</name>
            <filename>Netflix-sans-Bold.ttf</filename>
            <size>12</size>
        </font>
        <font>
            <name>Bold13</name>
            <filename>Netflix-sans-Bold.ttf</filename>
            <size>13</size>
        </font>
        <font>
            <name>Bold14</name>
            <filename>Netflix-sans-Bold.ttf</filename>
            <size>14</size>
        </font>
        <font>
            <name>Bold16</name>
            <filename>Netflix-sans-Bold.ttf</filename>
            <size>16</size>
        </font>
		<font>
            <name>Bold18</name>
            <filename>Netflix-sans-Bold.ttf</filename>
            <size>18</size>
        </font>
        <font>
            <name>Bold20</name>
            <filename>Netflix-sans-Bold.ttf</filename>
            <size>20</size>
        </font>
		<font>
            <name>Bold22</name>
            <filename>Netflix-sans-Bold.ttf</filename>
			<style>lighten</style>
            <size>22</size>
        </font>
		<font>
            <name>Bold23</name> <!--powermenu focus font-->
            <filename>Netflix-sans-Bold.ttf</filename>
			<style>bold</style>
            <size>22</size>
        </font>
		<font>
            <name>Bold24</name> 
            <filename>Netflix-sans-Bold.ttf</filename>
			<style>bold</style>
            <size>24</size>
		</font>
        <font>
            <name>Bold25</name>
            <filename>Netflix-sans-Bold.ttf</filename>
            <size>25</size>
        </font>
        <font>
            <name>Bold26</name>
            <filename>Netflix-sans-Bold.ttf</filename>
            <size>26</size>
        </font>
        <font>
            <name>Bold27</name>
            <filename>Netflix-sans-Bold.ttf</filename>
            <size>27</size>
        </font>
        <font>
            <name>Bold28</name>
            <filename>Netflix-sans-Bold.ttf</filename>
            <size>28</size>
        </font>
        <font>
            <name>Bold29</name> <!--sublabel plot-->
            <filename>Netflix-sans-bold.ttf</filename>
			<style>bold lighten</style>
			<size>29</size>
        </font>
        <font>
            <name>Bold30</name>  
            <filename>Netflix-sans-Bold.ttf</filename>
			<style>bold lighten</style>
            <size>30</size>
        </font>
        <font>
            <name>Bold31</name>  <!--widget header-->
            <filename>Netflix-sans-Bold.ttf</filename>
			<style>lighten</style>
            <size>31</size>
        </font>
	<!--Small-->
        <font>
            <name>Bold32</name> <!--Watch season xx home spotlight content widget-->
            <filename>Netflix-sans-Bold.ttf</filename>
            <size>32</size>
        </font>
        <font>
            <name>Bold33</name>  <!--Sideblade Menu focus font-->
            <filename>Netflix-sans-Bold.ttf</filename>
			<style>bold</style>
            <size>33</size>
        </font>
        <font>
            <name>Bold34</name>
            <filename>Netflix-sans-Bold.ttf</filename>
			<style></style>
            <size>34</size>
        </font>
        <font>
            <name>Bold35</name> 
            <filename>Netflix-sans-Bold.ttf</filename>
			<style>bold lighten</style>
            <size>35</size>
        </font>
        <font>
            <name>Bold36</name>
            <filename>Netflix-sans-Bold.ttf</filename>
            <size>36</size>
        </font>
        <font>
            <name>Bold37</name>
            <filename>Netflix-sans-Bold.ttf</filename>
            <size>37</size>
        </font>
    <!--Medium-->
        <font>
            <name>Bold38</name>
            <filename>Netflix-sans-Bold.ttf</filename>
            <size>38</size>
        </font>
        <font>
            <name>Bold40</name>
            <filename>Netflix-sans-Bold.ttf</filename>
            <size>40</size>
        </font>
        <font>
            <name>Bold41</name>
            <filename>Netflix-sans-Bold.ttf</filename>
            <size>41</size>
        </font>
        <font>
            <name>Bold42</name>
            <filename>Netflix-sans-Bold.ttf</filename>
            <size>42</size>
        </font>
        <font>
            <name>Bold44</name>
            <filename>Netflix-sans-Bold.ttf</filename>
            <size>44</size>
        </font>
    <!--Large-->
        <font>
            <name>Bold45</name>
            <filename>Netflix-sans-Bold.ttf</filename>
            <size>45</size>
        </font>
        <font>
            <name>Bold46</name>
            <filename>Netflix-sans-Bold.ttf</filename>
            <size>46</size>
        </font>
        <font>
            <name>Bold48</name>
            <filename>Netflix-sans-Bold.ttf</filename>
            <size>48</size>
        </font>
        <font>
            <name>Bold49</name>
            <filename>Netflix-sans-Bold.ttf</filename>
            <size>49</size>
        </font>
        <font>
            <name>Bold50</name>
            <filename>Netflix-sans-Bold.ttf</filename>
            <size>50</size>
        </font>
        <font>
            <name>Bold51</name>
            <filename>Netflix-sans-Bold.ttf</filename>
            <size>51</size>
        </font>
        <font>
            <name>Bold52</name>
            <filename>Netflix-sans-Bold.ttf</filename>
            <size>52</size>
        </font>
        <font>
            <name>Bold54</name>
            <filename>Netflix-sans-Bold.ttf</filename>
            <size>54</size>
        </font>
        <font>
            <name>Bold55</name>
            <filename>Netflix-sans-Bold.ttf</filename>
            <size>55</size>
        </font>
        <font>
            <name>Bold56</name>
            <filename>Netflix-sans-Bold.ttf</filename>
            <size>56</size>
        </font>
        <font>
            <name>Bold58</name>
            <filename>Netflix-sans-Bold.ttf</filename>
            <size>58</size>
        </font>
        <font>
            <name>Bold60</name>
            <filename>Netflix-sans-Bold.ttf</filename>
            <size>60</size>
        </font>
        <font>
            <name>Bold62</name>
            <filename>Netflix-sans-Bold.ttf</filename>
            <size>62</size>
        </font>
        <font>
            <name>Bold64</name>
            <filename>Netflix-sans-Bold.ttf</filename>
            <size>64</size>
        </font>
        <font>
            <name>Title</name> <!--Clearlogo fallback-->
            <filename>Netflix-sans-medium.ttf</filename>
			<style>lighten</style>
			<linespacing>0.8</linespacing>
            <size>80</size>
        </font>
		<font>
            <name>Title2</name> <!--Clearlogo Spotlight content fallback-->
            <filename>Netflix-sans-bold.ttf</filename>
			<style>lighten</style>
			<linespacing>0.8</linespacing>
            <size>85</size>
        </font>
        <font>
            <name>Bold68</name>
            <filename>Netflix-sans-Bold.ttf</filename>
            <size>68</size>
        </font>
        <font>
            <name>Bold70</name>
            <filename>Netflix-sans-Bold.ttf</filename>
            <size>70</size>
        </font>
        <font>
            <name>Bold72</name>
            <filename>Netflix-sans-Bold.ttf</filename>
            <size>72</size>
        </font>
        <font>
            <name>Bold74</name>
            <filename>Netflix-sans-Bold.ttf</filename>
            <size>74</size>
        </font>
        <font>
            <name>Bold75</name>
            <filename>Netflix-sans-Bold.ttf</filename>
            <size>75</size>
        </font>
		<font>
            <name>Bold86</name>
            <filename>Netflix-sans-Bold.ttf</filename>
            <size>86</size>
        </font>
        <font>
            <name>Bold100</name>
            <!--Home-->
            <filename>Netflix-sans-Bold.ttf</filename>
            <size>100</size>
        </font>
        <font>
            <name>Bold120</name>
            <filename>Netflix-sans-Bold.ttf</filename>
            <size>120</size>
        </font>
        <font>
            <name>Bold270</name>
            <filename>Netflix-sans-Bold.ttf</filename>
            <size>270</size>
        </font>
    <!-- ============= -->
    <!--     BigBold   -->
    <!-- ============= -->
        <font>
            <name>BigBold1</name>
            <filename>Netflix-sans-Bold.ttf</filename>
			<style>bold</style>
			<size>1</size>
        </font>
		<font>
            <name>Bold30Big</name>
            <filename>Netflix-sans-Bold.ttf</filename>
			<style>bold</style>
			<size>30</size>
        </font>
		<font>
            <name>Bold34Big</name>
            <filename>Netflix-sans-Bold.ttf</filename>
			<style>bold</style>
			<size>34</size>
        </font>
		<font>
            <name>BigBold10</name>
            <filename>Netflix-sans-Bold.ttf</filename>
			<style>bold</style>
			<size>10</size>
        </font>
        <font>
            <name>BigBold12</name>
            <filename>Netflix-sans-Bold.ttf</filename>
			<style>bold</style>
			<size>12</size>
        </font>
        <font>
            <name>BigBold13</name>
            <filename>Netflix-sans-Bold.ttf</filename>
			<style>bold</style>
			<size>13</size>
        </font>
        <font>
            <name>BigBold14</name>
            <filename>Netflix-sans-Bold.ttf</filename>
			<style>bold</style>
			<size>14</size>
        </font>
        <font>
            <name>BigBold16</name>
            <filename>Netflix-sans-Bold.ttf</filename>
			<style>bold</style>
			<size>16</size>
        </font>
		<font>
            <name>BigBold18</name>
            <filename>Netflix-sans-Bold.ttf</filename>
			<style>bold</style>
			<size>18</size>
        </font>
        <font>
            <name>BigBold20</name>
            <filename>Netflix-sans-Bold.ttf</filename>
			<style>bold</style>
			<size>20</size>
        </font>
		<font>
            <name>BigBold22</name>
            <filename>Netflix-sans-Bold.ttf</filename>
			<style>bold</style>
			<size>22</size>
        </font>
		<font>
            <name>BigBold24</name>
            <filename>Netflix-sans-Bold.ttf</filename>
			<style>bold</style>
			<size>24</size>
		</font>
        <font>
            <name>BigBold25</name>
            <filename>Netflix-sans-Bold.ttf</filename>
			<style>bold</style>
			<size>25</size>
        </font>
        <font>
            <name>BigBold26</name>
            <filename>Netflix-sans-Bold.ttf</filename>
			<style>bold</style>
			<size>26</size>
        </font>
        <font>
            <name>BigBold27</name>
            <filename>Netflix-sans-Bold.ttf</filename>
			<style>bold</style>
			<size>27</size>
        </font>
        <font>
            <name>BigBold28</name>
            <filename>Netflix-sans-Bold.ttf</filename>
			<style>bold</style>
			<size>28</size>
        </font>
        <font>
            <name>BigBold29</name>
            <filename>Netflix-sans-Bold.ttf</filename>
			<style>bold</style>
			<size>29</size>
        </font>
        <font>
            <name>BigBold30</name>
            <filename>Netflix-sans-Bold.ttf</filename>
			<style>bold</style>
			<size>30</size>
        </font>
        <font>
            <name>BigBold31</name>
            <filename>Netflix-sans-Bold.ttf</filename>
			<style>bold</style>
			<size>31</size>
        </font>
	<!--Small-->
        <font>
            <name>BigBold32</name>
            <filename>Netflix-sans-Bold.ttf</filename>
			<style>bold</style>
			<size>32</size>
        </font>
        <font>
            <name>BigBold33</name>
            <filename>Netflix-sans-Bold.ttf</filename>
			<style>bold</style>
			<size>33</size>
        </font>
        <font>
            <name>BigBold34</name>
            <filename>Netflix-sans-Bold.ttf</filename>
			<style>bold</style>
			<size>34</size>
        </font>
        <font>
            <name>BigBold35</name>
            <filename>Netflix-sans-Bold.ttf</filename>
			<style>bold</style>
			<size>35</size>
        </font>
        <font>
            <name>BigBold36</name>
            <filename>Netflix-sans-Bold.ttf</filename>
			<style>bold</style>
			<size>36</size>
        </font>
        <font>
            <name>BigBold37</name>
            <filename>Netflix-sans-Bold.ttf</filename>
			<style>bold</style>
			<size>37</size>
        </font>
    <!--Medium-->
        <font>
            <name>BigBold38</name>
            <filename>Netflix-sans-Bold.ttf</filename>
			<style>bold</style>
			<size>38</size>
        </font>
        <font>
            <name>BigBold40</name>
            <filename>Netflix-sans-Bold.ttf</filename>
			<style>bold</style>
			<size>40</size>
        </font>
        <font>
            <name>BigBold41</name>
            <filename>Netflix-sans-Bold.ttf</filename>
			<style>bold</style>
			<size>41</size>
        </font>
        <font>
            <name>BigBold42</name>
            <filename>Netflix-sans-Bold.ttf</filename>
			<style>bold</style>
			<size>42</size>
        </font>
        <font>
            <name>BigBold44</name>
            <filename>Netflix-sans-Bold.ttf</filename>
			<style>bold</style>
			<size>44</size>
        </font>
    <!--Large-->
        <font>
            <name>BigBold45</name>
            <filename>Netflix-sans-Bold.ttf</filename>
			<style>bold</style>
			<size>45</size>
        </font>
        <font>
            <name>BigBold46</name>
            <filename>Netflix-sans-Bold.ttf</filename>
			<style>bold</style>
			<size>46</size>
        </font>
        <font>
            <name>BigBold48</name>
            <filename>Netflix-sans-Bold.ttf</filename>
			<style>bold</style>
			<size>48</size>
        </font>
        <font>
            <name>BigBold49</name>
            <filename>Netflix-sans-Bold.ttf</filename>
			<style>bold</style>
			<size>49</size>
        </font>
        <font>
            <name>BigBold50</name>
            <filename>Netflix-sans-Bold.ttf</filename>
			<style>bold</style>
			<size>50</size>
        </font>
        <font>
            <name>BigBold51</name>
            <filename>Netflix-sans-Bold.ttf</filename>
			<style>bold</style>
			<size>51</size>
        </font>
        <font>
            <name>BigBold52</name>
            <filename>Netflix-sans-Bold.ttf</filename>
			<style>bold</style>
			<size>52</size>
        </font>
        <font>
            <name>BigBold54</name>
            <filename>Netflix-sans-Bold.ttf</filename>
			<style>bold</style>
			<size>54</size>
        </font>
        <font>
            <name>BigBold55</name>
            <filename>Netflix-sans-Bold.ttf</filename>
			<style>bold</style>
			<size>55</size>
        </font>
        <font>
            <name>BigBold56</name>
            <filename>Netflix-sans-Bold.ttf</filename>
			<style>bold</style>
			<size>56</size>
        </font>
        <font>
            <name>BigBold58</name>
            <filename>Netflix-sans-Bold.ttf</filename>
			<style>bold</style>
			<size>58</size>
        </font>
        <font>
            <name>BigBold60</name>
            <filename>Netflix-sans-Bold.ttf</filename>
			<style>bold</style>
			<size>60</size>
        </font>
        <font>
            <name>BigBold62</name>
            <filename>Netflix-sans-Bold.ttf</filename>
			<style>bold</style>
			<size>62</size>
        </font>
        <font>
            <name>BigBold64</name>
            <filename>Netflix-sans-Bold.ttf</filename>
			<style>bold</style>
			<size>64</size>
        </font>
        <font>
            <name>BigBold66</name>
            <filename>Netflix-sans-Bold.ttf</filename>
			<style>bold</style>
			<size>66</size>
        </font>
        <font>
            <name>BigBold68</name>
            <filename>Netflix-sans-Bold.ttf</filename>
			<style>bold</style>
			<size>68</size>
        </font>
        <font>
            <name>BigBold70</name>
            <filename>Netflix-sans-Bold.ttf</filename>
			<style>bold</style>
			<size>70</size>
        </font>
        <font>
            <name>BigBold72</name>
            <filename>Netflix-sans-Bold.ttf</filename>
			<style>bold</style>
			<size>72</size>
        </font>
        <font>
            <name>BigBold74</name>
            <filename>Netflix-sans-Bold.ttf</filename>
			<style>bold</style>
			<size>74</size>
        </font>
        <font>
            <name>BigBold75</name>
            <filename>Netflix-sans-Bold.ttf</filename>
			<style>bold</style>
			<size>75</size>
        </font>
        <font>
            <name>BigBold100</name>
            <filename>Netflix-sans-Bold.ttf</filename>
			<style>bold</style>
			<size>100</size>
        </font>
        <font>
            <name>BigBold120</name>
            <filename>Netflix-sans-Bold.ttf</filename>
			<style>bold</style>
            <size>120</size>
        </font>
    <!--Home-->
        <font>
            <name>BigBold270</name>
            <filename>Netflix-sans-Bold.ttf</filename>
			<style>bold</style>
			<size>270</size>
        </font>
		<font>
            <name>BigLight50</name>
            <filename>Netflix-sans-Light.ttf</filename>
			<size>50</size>
        </font>
	</fontset>
	
	<fontset id="Roboto" unicode="true"> <!--Original Bingie font-->
		<font>
            <name>arial26</name>
            <filename>arial.ttf</filename> 
 <linespacing>1.15</linespacing>
            <size>26</size>
        </font>
	<!-- confluence compatibility fonts -->
        <font>
            <name>font10</name>
            <filename>Regular-new.ttf</filename> 
 <linespacing>1.15</linespacing>
 	  	 
            <size>21</size>
        </font>
        <font>
            <name>font12</name>
            <filename>Regular-new.ttf</filename> 
 <linespacing>1.15</linespacing>
 	 
            <size>26</size>
        </font>
        <font>
            <name>font13</name>
            <filename>Regular-new.ttf</filename> 
 <linespacing>1.15</linespacing>
 	  	 	 
            <size>30</size>
        </font>
        <font>
            <name>font14</name>
            <filename>Regular-new.ttf</filename> 
 <linespacing>1.15</linespacing>
 	  	 
            <size>33</size>
        </font>
        <font>
            <name>font16</name>
            <filename>Regular-new.ttf</filename> 
 <linespacing>1.15</linespacing>
 	  	 	 
            <size>38</size>
        </font>
        <font>
            <name>font30</name>
            <filename>Regular-new.ttf</filename> 
 <linespacing>1.15</linespacing>
 	  	 	 
            <size>45</size>
        </font>
        <font>
            <name>font37</name>
            <filename>Regular-new.ttf</filename> 
 <linespacing>1.15</linespacing>
 	  	 	 
            <size>52</size>
        </font>
        <font>
            <name>fontContextMenu</name>
            <filename>Regular-new.ttf</filename> 
 <linespacing>1.15</linespacing>
 	  	 	 
            <size>27</size>
        </font>
    <!-- Title Fonts -->
        <font>
            <name>font10_title</name>
            <filename>Bold-New.ttf</filename> 
 <linespacing>1.15</linespacing>
            <size>18</size>
        </font>
        <font>
            <name>font12_title</name>
            <filename>Bold-New.ttf</filename> 
 <linespacing>1.15</linespacing>
            <size>26</size>
        </font>
        <font>
            <name>font13_title</name>
            <filename>Bold-New.ttf</filename> 
 <linespacing>1.15</linespacing>
            <size>30</size>
        </font>
        <font>
            <name>font20_title</name>
            <filename>Bold-New.ttf</filename> 
 <linespacing>1.15</linespacing>
            <size>34</size>
        </font>
        <font>
            <name>font24_title</name>
            <filename>Bold-New.ttf</filename> 
 <linespacing>1.15</linespacing>
            <size>36</size>
        </font>
        <font>
            <name>font28_title</name>
            <filename>Bold-New.ttf</filename> 
 <linespacing>1.15</linespacing>
            <size>42</size>
        </font>
        <font>
            <name>font30_title</name>
            <filename>Bold-New.ttf</filename> 
 <linespacing>1.15</linespacing>
            <size>45</size>
        </font>
        <font>
            <name>font35_title</name>
            <filename>Bold-New.ttf</filename> 
 <linespacing>1.15</linespacing>
            <size>52</size>
        </font>
        <font>
            <name>font_MainMenu</name>
            <filename>Bold-New.ttf</filename> 
 <linespacing>1.15</linespacing>
            <size>60</size>
        </font>
        <font>
            <name>WeatherTemp</name>
            <filename>Bold-New.ttf</filename> 
 <linespacing>1.15</linespacing>
            <size>120</size>
        </font>
		<font>
            <name>flags</name>
            <filename>Regular-new.ttf</filename> 
 <linespacing>1.15</linespacing>
 	  	 	 		
            <size>24</size>
		
        </font>
		<font>
            <name>indicator_small</name>
            <filename>Regular-new.ttf</filename> 
 <linespacing>1.15</linespacing>
 	  	 	 
			<size>18</size>
			</font>
		<font>
            <name>indicator_normal</name>
            <filename>Regular-new.ttf</filename> 
 <linespacing>1.15</linespacing>
 	  	 	 
	        <size>21</size>
			</font>
		<font>
            <name>indicator_large</name>
            <filename>Regular-new.ttf</filename> 
 <linespacing>1.15</linespacing>
 	  	 	 
 			<size>28</size>
			</font>
		<font>
            <name>flags_classic</name>
            <filename>Regular-new.ttf</filename> 
 <linespacing>1.15</linespacing>
			<style>lighten Uppercase</style>
            <size>20</size>
		</font>
		<font>
            <name>footer</name>
            <filename>Regular-new.ttf</filename>
			<aspect>0.9</aspect>
			<style>bold</style>
            <size>24</size>
		</font>
		<font>
            <name>footer1</name>
            <filename>Regular-new.ttf</filename>
			<aspect>0.9</aspect>
			<style>bold</style>
            <size>22</size>
		</font>
		<font>
            <name>rss</name>
            <filename>Bold-New.ttf</filename> 
 <linespacing>1.15</linespacing>
            <size>28</size>
			<style>bold</style>
        </font>
    <!-- ============= -->
    <!--     Light     -->
    <!-- ============= -->
        <font>
            <name>Light1</name>
            <filename>Regular-new.ttf</filename> 
 <linespacing>1.15</linespacing>
			
            <size>1</size>
        </font>
		<font>
            <name>Light10</name>
            <filename>Regular-new.ttf</filename> 
 <linespacing>1.15</linespacing>
			
            <size>10</size>
        </font>
        <font>
            <name>Light12</name>
            <filename>Regular-new.ttf</filename> 
 <linespacing>1.15</linespacing>
			
            <size>12</size>
        </font>
        <font>
            <name>Light13</name>
            <filename>Regular-new.ttf</filename> 
 <linespacing>1.15</linespacing>
			
            <size>13</size>
        </font>
        <font>
            <name>Light14</name>
            <filename>Regular-new.ttf</filename> 
 <linespacing>1.15</linespacing>
		
            <size>14</size>
        </font>
        <font>
            <name>Light16</name>
            <filename>Regular-new.ttf</filename> 
 <linespacing>1.15</linespacing>
			
            <size>16</size>
        </font>
		<font>
            <name>Light18</name>
            <filename>Regular-new.ttf</filename> 
 <linespacing>1.15</linespacing>
			
            <size>18</size>
        </font>
        <font>
            <name>Light20</name>
            <filename>Regular-new.ttf</filename> 
 <linespacing>1.15</linespacing>
			
            <size>20</size>
        </font>
		<font>
            <name>Light22</name>
            <filename>Regular-new.ttf</filename> 
 <linespacing>1.15</linespacing>
			
            <size>22</size>
        </font>
		<font>
            <name>Light24</name>
            <filename>Regular-new.ttf</filename> 
 <linespacing>1.15</linespacing>
			
            <size>24</size>
		</font>
        <font>
            <name>Light25</name>
            <filename>Regular-new.ttf</filename> 
 <linespacing>1.15</linespacing>
			
            <size>25</size>
        </font>
        <font>
            <name>Light26</name>
            <filename>Regular-new.ttf</filename> 
 <linespacing>1.15</linespacing>
			
            <size>26</size>
        </font>
        <font>
            <name>Light27</name>
            <filename>Regular-new.ttf</filename> 
 <linespacing>1.15</linespacing>
			
            <size>27</size>
        </font>
        <font>
            <name>Light28</name>
            <filename>Regular-new.ttf</filename> 
 <linespacing>1.15</linespacing>
			
            <size>28</size>
        </font>
        <font>
            <name>Light29</name>
            <filename>Regular-new.ttf</filename> 
 <linespacing>1.15</linespacing>
			
            <size>29</size>
        </font>
        <font>
            <name>Light30</name>
            <filename>Regular-new.ttf</filename> 
 <linespacing>1.15</linespacing>
			
            <size>30</size>
        </font>
        <font>
            <name>Light31</name>
            <filename>Regular-new.ttf</filename> 
 <linespacing>1.15</linespacing>
			
            <size>31</size>
        </font>
	<!--Small-->
        <font>
            <name>Light32</name>
            <filename>Regular-new.ttf</filename> 
 <linespacing>1.15</linespacing>
			
            <size>32</size>
        </font>
        <font>
            <name>Light33</name>
            <filename>Regular-new.ttf</filename> 
 <linespacing>1.15</linespacing>
			
            <size>33</size>
        </font>
        <font>
            <name>Light34</name>
            <filename>Regular-new.ttf</filename> 
 <linespacing>1.15</linespacing>
			
            <size>34</size>
        </font>
        <font>
            <name>Light35</name>
            <filename>Regular-new.ttf</filename> 
 <linespacing>1.15</linespacing>
			
            <size>35</size>
        </font>
        <font>
            <name>Light36</name>
            <filename>Regular-new.ttf</filename> 
 <linespacing>1.15</linespacing>
			
            <size>36</size>
        </font>
        <font>
            <name>Light37</name>
            <filename>Regular-new.ttf</filename> 
 <linespacing>1.15</linespacing>
			
            <size>37</size>
        </font>
    <!--Medium-->
        <font>
            <name>Light38</name>
            <filename>Regular-new.ttf</filename> 
 <linespacing>1.15</linespacing>
			
            <size>38</size>
        </font>
        <font>
            <name>Light40</name>
            <filename>Regular-new.ttf</filename> 
 <linespacing>1.15</linespacing>
			
            <size>40</size>
        </font>
        <font>
            <name>Light41</name>
            <filename>Regular-new.ttf</filename> 
 <linespacing>1.15</linespacing>
			
            <size>41</size>
        </font>
        <font>
            <name>Light42</name>
            <filename>Regular-new.ttf</filename> 
 <linespacing>1.15</linespacing>
			
            <size>42</size>
        </font>
        <font>
            <name>Light44</name>
            <filename>Regular-new.ttf</filename> 
 <linespacing>1.15</linespacing>
			
            <size>44</size>
        </font>
    <!--Large-->
        <font>
            <name>Light45</name>
            <filename>Regular-new.ttf</filename> 
 <linespacing>1.15</linespacing>
			
            <size>45</size>
        </font>
        <font>
            <name>Light46</name>
            <filename>Regular-new.ttf</filename> 
 <linespacing>1.15</linespacing>
			
            <size>46</size>
        </font>
        <font>
            <name>Light48</name>
            <filename>Regular-new.ttf</filename> 
 <linespacing>1.15</linespacing>
			
            <size>48</size>
        </font>
        <font>
            <name>Light49</name>
            <filename>Regular-new.ttf</filename> 
 <linespacing>1.15</linespacing>
			
            <size>49</size>
        </font>
        <font>
            <name>Light50</name>
            <filename>Regular-new.ttf</filename> 
 <linespacing>1.15</linespacing>
			
            <size>50</size>
        </font>
        <font>
            <name>Light51</name>
            <filename>Regular-new.ttf</filename> 
 <linespacing>1.15</linespacing>
			
            <size>51</size>
        </font>
        <font>
            <name>Light52</name>
            <filename>Regular-new.ttf</filename> 
 <linespacing>1.15</linespacing>
			
            <size>52</size>
        </font>
        <font>
            <name>Light54</name>
            <filename>Regular-new.ttf</filename> 
 <linespacing>1.15</linespacing>
			
            <size>54</size>
        </font>
        <font>
            <name>Light56</name>
            <filename>Regular-new.ttf</filename> 
 <linespacing>1.15</linespacing>
			
            <size>56</size>
        </font>
        <font>
            <name>Light58</name>
            <filename>Regular-new.ttf</filename> 
 <linespacing>1.15</linespacing>
			
            <size>58</size>
        </font>
        <font>
            <name>Light60</name>
            <filename>Regular-new.ttf</filename> 
 <linespacing>1.15</linespacing>
			
            <size>60</size>
        </font>
        <font>
            <name>Light62</name>
            <filename>Regular-new.ttf</filename> 
 <linespacing>1.15</linespacing>
			
            <size>62</size>
        </font>
        <font>
            <name>Light64</name>
            <filename>Regular-new.ttf</filename> 
 <linespacing>1.15</linespacing>
			
            <size>64</size>
        </font>
        <font>
            <name>Light66</name>
            <filename>Regular-new.ttf</filename> 
 <linespacing>1.15</linespacing>
			
            <size>66</size>
        </font>
        <font>
            <name>Light68</name>
            <filename>Regular-new.ttf</filename> 
 <linespacing>1.15</linespacing>
			
            <size>68</size>
        </font>
        <font>
            <name>Light70</name>
            <filename>Regular-new.ttf</filename> 
 <linespacing>1.15</linespacing>
			
            <size>70</size>
        </font>
        <font>
            <name>Light72</name>
            <filename>Regular-new.ttf</filename> 
 <linespacing>1.15</linespacing>
			
            <size>72</size>
        </font>
        <font>
            <name>Light74</name>
            <filename>Regular-new.ttf</filename> 
 <linespacing>1.15</linespacing>
			
            <size>74</size>
        </font>
        <font>
            <name>Light75</name>
            <filename>Regular-new.ttf</filename> 
 <linespacing>1.15</linespacing>
			
            <size>75</size>
        </font>
        <font>
            <name>Light100</name>
            <!--Home-->
            <filename>Regular-new.ttf</filename> 
 <linespacing>1.15</linespacing>
			
            <size>100</size>
        </font>
        <font>
            <name>Light150</name>
            <!--Home-->
            <filename>Regular-new.ttf</filename> 
 <linespacing>1.15</linespacing>
			
            <size>150</size>
        </font>
        <font>
            <name>Light200</name>
            <filename>Regular-new.ttf</filename> 
 <linespacing>1.15</linespacing>
			
            <size>200</size>
        </font>
        <font>
            <name>Light270</name>
            <filename>Regular-new.ttf</filename> 
 <linespacing>1.15</linespacing>
			
            <size>270</size>
        </font>
    <!-- ============= -->
    <!--     Regular     -->
    <!-- ============= -->
        <font>
            <name>Reg1</name>
            <filename>Regular-new.ttf</filename> 
 <linespacing>1.15</linespacing>
			
            <size>1</size>
        </font>
		<font>
            <name>Reg10</name>
            <filename>Regular-new.ttf</filename> 
 <linespacing>1.15</linespacing>
			
            <size>10</size>
        </font>
        <font>
            <name>Reg12</name>
            <filename>Regular-new.ttf</filename> 
 <linespacing>1.15</linespacing>
			
            <size>12</size>
        </font>
        <font>
            <name>Reg13</name>
            <filename>Regular-new.ttf</filename> 
 <linespacing>1.15</linespacing>
			
            <size>13</size>
        </font>
        <font>
            <name>Reg14</name>
            <filename>Regular-new.ttf</filename> 
 <linespacing>1.15</linespacing>
			
            <size>14</size>
        </font>
		<font>
            <name>Reg15</name>
            <filename>Regular-new.ttf</filename> 
 <linespacing>1.15</linespacing>
			
            <size>15</size>
        </font>
        <font>
            <name>Reg16</name>
            <filename>Regular-new.ttf</filename> 
 <linespacing>1.15</linespacing>
			
            <size>16</size>
        </font>
		<font>
            <name>Reg17</name>
            <filename>Regular-new.ttf</filename> 
 <linespacing>1.15</linespacing>
			
            <size>17</size>
        </font>
		<font>
            <name>Reg18</name>
            <filename>Regular-new.ttf</filename> 
 <linespacing>1.15</linespacing>
			
            <size>18</size>
        </font>
		<font>
            <name>Reg19</name>
            <filename>Regular-new.ttf</filename> 
 <linespacing>1.15</linespacing>
			
            <size>19</size>
        </font>
        <font>
            <name>Reg20</name>
            <filename>Regular-new.ttf</filename> 
 <linespacing>1.15</linespacing>
			
            <size>20</size>
        </font>
		<font>
            <name>Reg22</name>
            <filename>Regular-new.ttf</filename> 
 <linespacing>1.15</linespacing>
			
            <size>22</size>
        </font>
		<font>
		 <name>Reg23</name>
            <filename>Regular-new.ttf</filename> 
 <linespacing>1.15</linespacing>
			
            <size>23</size>
        </font>
		<font>					  
			<name>Reg24</name>
            <filename>Regular-new.ttf</filename> 
 <linespacing>1.15</linespacing>
			
            <size>24</size>
		</font>
        <font>
            <name>Reg25</name>
            <filename>Regular-new.ttf</filename> 
 <linespacing>1.15</linespacing>
			
            <size>25</size>
        </font>
        <font>
            <name>Reg26</name>
            <filename>Regular-new.ttf</filename> 
 <linespacing>1.16</linespacing>
			
            <size>23</size>
        </font>
        <font>
            <name>Reg27</name>
            <filename>Regular-new.ttf</filename> 
 <linespacing>1.15</linespacing>
			
            <size>28</size>
        </font>
		<font>
            <name>Reg28</name>
            <filename>Regular-new.ttf</filename> 
 <linespacing>1.15</linespacing>
			
            <size>28</size> 
        </font>
		<font>
<!--plot font for bingie home/bingie library & Info Dialogue-->
			<name>Plots</name>
            <filename>Regular-new.ttf</filename> 
 <linespacing>1.15</linespacing>
			
            <size>28</size> 
        </font>
		
        <font>
            <name>Reg29</name>
            <filename>Regular-new.ttf</filename> 
 <linespacing>1.15</linespacing> 
			
            <size>29</size> 
        </font>
		<font>
            <name>Reg30</name>
            <filename>Regular-new.ttf</filename> 
 <linespacing>1.15</linespacing>
			
            <size>30</size>
        </font>
        <font>
            <name>Reg31</name>
            <filename>Regular-new.ttf</filename> 
 <linespacing>1.15</linespacing>
			
            <size>31</size>
        </font>
	<!--Small-->
        <font>
            <name>Reg32</name>
            <filename>Regular-new.ttf</filename> 
 <linespacing>1.15</linespacing>
			
            <size>32</size>
        </font>
        <font>
            <name>Reg33</name>
            <filename>Regular-new.ttf</filename> 
 <linespacing>1.15</linespacing>
			
            <size>33</size>
        </font>
        <font>
            <name>Reg34</name>
            <filename>Regular-new.ttf</filename> 
 <linespacing>1.15</linespacing>
			
            <size>34</size>
        </font>
        <font>
            <name>Reg35</name> <!--sideblademenu font-->
            <filename>Regular-new.ttf</filename> 
 <linespacing>1.15</linespacing>
			
            <size>35</size>
        </font>
        <font>
            <name>Reg36</name>  
            <filename>Regular-new.ttf</filename> 
 <linespacing>1.15</linespacing>
			
            <size>36</size>
        </font>
        <font>
            <name>Reg37</name>
            <filename>Regular-new.ttf</filename> 
 <linespacing>1.15</linespacing>
			
            <size>37</size>
        </font>
    <!--Medium-->
        <font>
            <name>Reg38</name>
            <filename>Regular-new.ttf</filename> 
 <linespacing>1.15</linespacing>
			
            <size>38</size>
        </font>
        <font>
            <name>Reg40</name>
            <filename>Regular-new.ttf</filename> 
 <linespacing>1.15</linespacing>
			
            <size>40</size>
        </font>
        <font>
            <name>Reg41</name>
            <filename>Regular-new.ttf</filename> 
 <linespacing>1.15</linespacing>
			
            <size>41</size>
        </font>
        <font>
            <name>Reg42</name>
            <filename>Regular-new.ttf</filename> 
 <linespacing>1.15</linespacing>
			
            <size>42</size>
        </font>
        <font>
            <name>Reg44</name>
            <filename>Regular-new.ttf</filename> 
 <linespacing>1.15</linespacing>
			
            <size>44</size>
        </font>
    <!--Large-->
        <font>
            <name>Reg45</name>
            <filename>Regular-new.ttf</filename> 
 <linespacing>1.15</linespacing>
			
            <size>45</size>
        </font>
        <font>
            <name>Reg46</name>
            <filename>Regular-new.ttf</filename> 
 <linespacing>1.15</linespacing>
			
            <size>46</size>
        </font>
        <font>
            <name>Reg48</name>
            <filename>Regular-new.ttf</filename> 
 <linespacing>1.15</linespacing>
			
            <size>48</size>
        </font>
        <font>
            <name>Reg49</name>
            <filename>Regular-new.ttf</filename> 
 <linespacing>1.15</linespacing>
			
            <size>49</size>
        </font>
        <font>
            <name>Reg50</name>
            <filename>Regular-new.ttf</filename> 
 <linespacing>1.15</linespacing>
			
            <size>50</size>
        </font>
        <font>
            <name>Reg51</name>
            <filename>Regular-new.ttf</filename> 
 <linespacing>1.15</linespacing>
			
            <size>51</size>
        </font>
        <font>
            <name>Reg52</name>
            <filename>Regular-new.ttf</filename> 
 <linespacing>1.15</linespacing>
			
            <size>52</size>
        </font>
        <font>
            <name>Reg54</name>
            <filename>Regular-new.ttf</filename> 
 <linespacing>1.15</linespacing>
			
            <size>54</size>
        </font>
        <font>
            <name>Reg55</name>
            <filename>Regular-new.ttf</filename> 
 <linespacing>1.15</linespacing>
			
            <size>55</size>
        </font>
        <font>
            <name>Reg56</name>
            <filename>Regular-new.ttf</filename> 
 <linespacing>1.15</linespacing>
			
            <size>56</size>
        </font>
        <font>
            <name>Reg58</name>
            <filename>Regular-new.ttf</filename> 
 <linespacing>1.15</linespacing>
			
            <size>58</size>
        </font>
        <font>
            <name>Reg60</name>
            <filename>Regular-new.ttf</filename> 
 <linespacing>1.15</linespacing>
			
            <size>60</size>
        </font>
        <font>
            <name>Reg62</name>
            <filename>Regular-new.ttf</filename> 
 <linespacing>1.15</linespacing>
			
            <size>62</size>
        </font>
        <font>
            <name>Reg64</name>
            <filename>Regular-new.ttf</filename> 
 <linespacing>1.15</linespacing>
			
            <size>64</size>
        </font>
        <font>
            <name>Reg66</name>
            <filename>Regular-new.ttf</filename> 
 <linespacing>1.15</linespacing>
			
            <size>66</size>
        </font>
        <font>
            <name>Reg68</name>
            <filename>Regular-new.ttf</filename> 
 <linespacing>1.15</linespacing>
			
            <size>68</size>
        </font>
        <font>
            <name>Reg70</name>
            <filename>Regular-new.ttf</filename> 
 <linespacing>1.15</linespacing>
			
            <size>70</size>
        </font>
        <font>
            <name>Reg72</name>
            <filename>Regular-new.ttf</filename> 
 <linespacing>1.15</linespacing>
			
            <size>72</size>
        </font>
        <font>
            <name>Reg74</name>
            <filename>Regular-new.ttf</filename> 
 <linespacing>1.15</linespacing>
			
            <size>74</size>
        </font>
        <font>
            <name>Reg75</name>
            <filename>Regular-new.ttf</filename> 
 <linespacing>1.15</linespacing>
			
            <size>75</size>
        </font>
        <font>
            <name>Reg100</name>
            <filename>Regular-new.ttf</filename> 
 <linespacing>1.15</linespacing>
			
            <size>100</size>
        </font>
        <font>
            <name>Reg120</name>
            <filename>Regular-new.ttf</filename> 
 <linespacing>1.15</linespacing>
			
            <size>120</size>
        </font>
    <!--Home-->
        <font>
            <name>Reg270</name>
            <filename>Regular-new.ttf</filename> 
 <linespacing>1.15</linespacing>
			
            <size>270</size>
        </font>
    <!-- ============= -->
    <!--     Bold     -->
    <!-- ============= -->
        <font>
            <name>Bold1</name>
            <filename>Bold-New.ttf</filename> 
 <linespacing>1.15</linespacing>
            <size>1</size>
        </font>
		<font>
            <name>Bold10</name>
            <filename>Bold-New.ttf</filename> 
 <linespacing>1.15</linespacing>
            <size>10</size>
        </font>
        <font>
            <name>Bold12</name>
            <filename>Bold-New.ttf</filename> 
 <linespacing>1.15</linespacing>
            <size>12</size>
        </font>
        <font>
            <name>Bold13</name>
            <filename>Bold-New.ttf</filename> 
 <linespacing>1.15</linespacing>
            <size>13</size>
        </font>
        <font>
            <name>Bold14</name>
            <filename>Bold-New.ttf</filename> 
 <linespacing>1.15</linespacing>
            <size>14</size>
        </font>
        <font>
            <name>Bold16</name>
            <filename>Bold-New.ttf</filename> 
 <linespacing>1.15</linespacing>
            <size>16</size>
        </font>
		<font>
            <name>Bold18</name>
            <filename>Bold-New.ttf</filename> 
 <linespacing>1.15</linespacing>
            <size>18</size>
        </font>
        <font>
            <name>Bold20</name>
            <filename>Bold-New.ttf</filename> 
 <linespacing>1.15</linespacing>
            <size>20</size>
        </font>
		<font>
            <name>Bold22</name>
            <filename>Bold-New.ttf</filename> 
 <linespacing>1.15</linespacing>
			
            <size>22</size>
        </font>
		<font>
            <name>Bold23</name> <!--powermenu focus font-->
            <filename>Bold-New.ttf</filename> 
 <linespacing>1.15</linespacing>
			<style>bold</style>
            <size>22</size>
        </font>
		<font>
            <name>Bold24</name> 
            <filename>Bold-New.ttf</filename> 
 <linespacing>1.15</linespacing>
			<style>bold</style>
            <size>24</size>
		</font>
        <font>
            <name>Bold25</name>
            <filename>Bold-New.ttf</filename> 
 <linespacing>1.15</linespacing>
            <size>25</size>
        </font>
        <font>
            <name>Bold26</name>
            <filename>Bold-New.ttf</filename> 
 <linespacing>1.15</linespacing>
            <size>26</size>
        </font>
        <font>
            <name>Bold27</name>
            <filename>Bold-New.ttf</filename> 
 <linespacing>1.15</linespacing>
            <size>27</size>
        </font>
        <font>
            <name>Bold28</name>
            <filename>Bold-New.ttf</filename> 
 <linespacing>1.15</linespacing>
            <size>28</size>
        </font>
        <font>
            <name>Bold29</name> <!--sublabel plot-->
            <filename>Bold-New.ttf</filename> 
 <linespacing>1.15</linespacing>
			<style>bold lighten</style>
			<size>29</size>
        </font>
        <font>
            <name>Bold30</name>  
            <filename>Bold-New.ttf</filename> 
 <linespacing>1.15</linespacing>
			<style>bold lighten</style>
            <size>30</size>
        </font>
        <font>
            <name>Bold31</name>  <!--widget header-->
            <filename>Bold-New.ttf</filename> 
 <linespacing>1.15</linespacing>
			
            <size>31</size>
        </font>
	<!--Small-->
        <font>
            <name>Bold32</name> <!--Watch season xx home spotlight content widget-->
            <filename>Bold-New.ttf</filename> 
 <linespacing>1.15</linespacing>
            <size>32</size>
        </font>
        <font>
            <name>Bold33</name>  <!--Sideblade Menu focus font-->
            <filename>Bold-New.ttf</filename> 
 <linespacing>1.15</linespacing>
			<style>bold</style>
            <size>33</size>
        </font>
        <font>
            <name>Bold34</name>
            <filename>Bold-New.ttf</filename> 
 <linespacing>1.15</linespacing>
			<style></style>
            <size>34</size>
        </font>
        <font>
            <name>Bold35</name> 
            <filename>Bold-New.ttf</filename> 
 <linespacing>1.15</linespacing>
			<style>bold lighten</style>
            <size>35</size>
        </font>
        <font>
            <name>Bold36</name>
            <filename>Bold-New.ttf</filename> 
 <linespacing>1.15</linespacing>
            <size>36</size>
        </font>
        <font>
            <name>Bold37</name>
            <filename>Bold-New.ttf</filename> 
 <linespacing>1.15</linespacing>
            <size>37</size>
        </font>
    <!--Medium-->
        <font>
            <name>Bold38</name>
            <filename>Bold-New.ttf</filename> 
 <linespacing>1.15</linespacing>
            <size>38</size>
        </font>
        <font>
            <name>Bold40</name>
            <filename>Bold-New.ttf</filename> 
 <linespacing>1.15</linespacing>
            <size>40</size>
        </font>
        <font>
            <name>Bold41</name>
            <filename>Bold-New.ttf</filename> 
 <linespacing>1.15</linespacing>
            <size>41</size>
        </font>
        <font>
            <name>Bold42</name>
            <filename>Bold-New.ttf</filename> 
 <linespacing>1.15</linespacing>
            <size>42</size>
        </font>
        <font>
            <name>Bold44</name>
            <filename>Bold-New.ttf</filename> 
 <linespacing>1.15</linespacing>
            <size>44</size>
        </font>
    <!--Large-->
        <font>
            <name>Bold45</name>
            <filename>Bold-New.ttf</filename> 
 <linespacing>1.15</linespacing>
            <size>45</size>
        </font>
        <font>
            <name>Bold46</name>
            <filename>Bold-New.ttf</filename> 
 <linespacing>1.15</linespacing>
            <size>46</size>
        </font>
        <font>
            <name>Bold48</name>
            <filename>Bold-New.ttf</filename> 
 <linespacing>1.15</linespacing>
            <size>48</size>
        </font>
        <font>
            <name>Bold49</name>
            <filename>Bold-New.ttf</filename> 
 <linespacing>1.15</linespacing>
            <size>49</size>
        </font>
        <font>
            <name>Bold50</name>
            <filename>Bold-New.ttf</filename> 
 <linespacing>1.15</linespacing>
            <size>50</size>
        </font>
        <font>
            <name>Bold51</name>
            <filename>Bold-New.ttf</filename> 
 <linespacing>1.15</linespacing>
            <size>51</size>
        </font>
        <font>
            <name>Bold52</name>
            <filename>Bold-New.ttf</filename> 
 <linespacing>1.15</linespacing>
            <size>52</size>
        </font>
        <font>
            <name>Bold54</name>
            <filename>Bold-New.ttf</filename> 
 <linespacing>1.15</linespacing>
            <size>54</size>
        </font>
        <font>
            <name>Bold55</name>
            <filename>Bold-New.ttf</filename> 
 <linespacing>1.15</linespacing>
            <size>55</size>
        </font>
        <font>
            <name>Bold56</name>
            <filename>Bold-New.ttf</filename> 
 <linespacing>1.15</linespacing>
            <size>56</size>
        </font>
        <font>
            <name>Bold58</name>
            <filename>Bold-New.ttf</filename> 
 <linespacing>1.15</linespacing>
            <size>58</size>
        </font>
        <font>
            <name>Bold60</name>
            <filename>Bold-New.ttf</filename> 
 <linespacing>1.15</linespacing>
            <size>60</size>
        </font>
        <font>
            <name>Bold62</name>
            <filename>Bold-New.ttf</filename> 
 <linespacing>1.15</linespacing>
            <size>62</size>
        </font>
        <font>
            <name>Bold64</name>
            <filename>Bold-New.ttf</filename> 
 <linespacing>1.15</linespacing>
            <size>64</size>
        </font>
        <font>
            <name>Title</name> <!--Clearlogo fallback-->
            <filename>Regular-new.ttf</filename> 
 			<linespacing>0.9</linespacing>
            <size>63</size>
        </font>
		<font>
            <name>Title2</name> <!--Clearlogo Spotlight content fallback-->
            <filename>Bold-New.ttf</filename> 
 			<linespacing>0.9</linespacing>
            <size>63</size>
        </font>
        <font>
            <name>Bold68</name>
            <filename>Bold-New.ttf</filename> 
 <linespacing>1.15</linespacing>
            <size>68</size>
        </font>
        <font>
            <name>Bold70</name>
            <filename>Bold-New.ttf</filename> 
 <linespacing>1.15</linespacing>
            <size>70</size>
        </font>
        <font>
            <name>Bold72</name>
            <filename>Bold-New.ttf</filename> 
 <linespacing>1.15</linespacing>
            <size>72</size>
        </font>
        <font>
            <name>Bold74</name>
            <filename>Bold-New.ttf</filename> 
 <linespacing>1.15</linespacing>
            <size>74</size>
        </font>
        <font>
            <name>Bold75</name>
            <filename>Bold-New.ttf</filename> 
 <linespacing>1.15</linespacing>
            <size>75</size>
        </font>
        <font>
            <name>Bold100</name>
            <!--Home-->
            <filename>Bold-New.ttf</filename> 
 <linespacing>1.15</linespacing>
            <size>100</size>
        </font>
        <font>
            <name>Bold120</name>
            <filename>Bold-New.ttf</filename> 
 <linespacing>1.15</linespacing>
            <size>120</size>
        </font>
        <font>
            <name>Bold270</name>
            <filename>Bold-New.ttf</filename> 
 <linespacing>1.15</linespacing>
            <size>270</size>
        </font>
    <!-- ============= -->
    <!--     BigBold   -->
    <!-- ============= -->
        <font>
            <name>BigBold1</name>
            <filename>Bold-New.ttf</filename> 
 <linespacing>1.15</linespacing>
			<style>bold</style>
			<size>1</size>
        </font>
		<font>
            <name>Bold30Big</name>
            <filename>Bold-New.ttf</filename> 
 <linespacing>1.15</linespacing>
			<style>bold</style>
			<size>30</size>
        </font>
		<font>
            <name>Bold34Big</name>
            <filename>Bold-New.ttf</filename> 
 <linespacing>1.15</linespacing>
			<style>bold</style>
			<size>34</size>
        </font>
		<font>
            <name>BigBold10</name>
            <filename>Bold-New.ttf</filename> 
 <linespacing>1.15</linespacing>
			<style>bold</style>
			<size>10</size>
        </font>
        <font>
            <name>BigBold12</name>
            <filename>Bold-New.ttf</filename> 
 <linespacing>1.15</linespacing>
			<style>bold</style>
			<size>12</size>
        </font>
        <font>
            <name>BigBold13</name>
            <filename>Bold-New.ttf</filename> 
 <linespacing>1.15</linespacing>
			<style>bold</style>
			<size>13</size>
        </font>
        <font>
            <name>BigBold14</name>
            <filename>Bold-New.ttf</filename> 
 <linespacing>1.15</linespacing>
			<style>bold</style>
			<size>14</size>
        </font>
        <font>
            <name>BigBold16</name>
            <filename>Bold-New.ttf</filename> 
 <linespacing>1.15</linespacing>
			<style>bold</style>
			<size>16</size>
        </font>
		<font>
            <name>BigBold18</name>
            <filename>Bold-New.ttf</filename> 
 <linespacing>1.15</linespacing>
			<style>bold</style>
			<size>18</size>
        </font>
        <font>
            <name>BigBold20</name>
            <filename>Bold-New.ttf</filename> 
 <linespacing>1.15</linespacing>
			<style>bold</style>
			<size>20</size>
        </font>
		<font>
            <name>BigBold22</name>
            <filename>Bold-New.ttf</filename> 
 <linespacing>1.15</linespacing>
			<style>bold</style>
			<size>22</size>
        </font>
		<font>
            <name>BigBold24</name>
            <filename>Bold-New.ttf</filename> 
 <linespacing>1.15</linespacing>
			<style>bold</style>
			<size>24</size>
		</font>
        <font>
            <name>BigBold25</name>
            <filename>Bold-New.ttf</filename> 
 <linespacing>1.15</linespacing>
			<style>bold</style>
			<size>25</size>
        </font>
        <font>
            <name>BigBold26</name>
            <filename>Bold-New.ttf</filename> 
 <linespacing>1.15</linespacing>
			<style>bold</style>
			<size>26</size>
        </font>
        <font>
            <name>BigBold27</name>
            <filename>Bold-New.ttf</filename> 
 <linespacing>1.15</linespacing>
			<style>bold</style>
			<size>27</size>
        </font>
        <font>
            <name>BigBold28</name>
            <filename>Bold-New.ttf</filename> 
 <linespacing>1.15</linespacing>
			<style>bold</style>
			<size>28</size>
        </font>
        <font>
            <name>BigBold29</name>
            <filename>Bold-New.ttf</filename> 
 <linespacing>1.15</linespacing>
			<style>bold</style>
			<size>29</size>
        </font>
        <font>
            <name>BigBold30</name>
            <filename>Bold-New.ttf</filename> 
 <linespacing>1.15</linespacing>
			<style>bold</style>
			<size>30</size>
        </font>
        <font>
            <name>BigBold31</name>
            <filename>Bold-New.ttf</filename> 
 <linespacing>1.15</linespacing>
			<style>bold</style>
			<size>31</size>
        </font>
	<!--Small-->
        <font>
            <name>BigBold32</name>
            <filename>Bold-New.ttf</filename> 
 <linespacing>1.15</linespacing>
			<style>bold</style>
			<size>32</size>
        </font>
        <font>
            <name>BigBold33</name>
            <filename>Bold-New.ttf</filename> 
 <linespacing>1.15</linespacing>
			<style>bold</style>
			<size>33</size>
        </font>
        <font>
            <name>BigBold34</name>
            <filename>Bold-New.ttf</filename> 
 <linespacing>1.15</linespacing>
			<style>bold</style>
			<size>34</size>
        </font>
        <font>
            <name>BigBold35</name>
            <filename>Bold-New.ttf</filename> 
 <linespacing>1.15</linespacing>
			<style>bold</style>
			<size>35</size>
        </font>
        <font>
            <name>BigBold36</name>
            <filename>Bold-New.ttf</filename> 
 <linespacing>1.15</linespacing>
			<style>bold</style>
			<size>36</size>
        </font>
        <font>
            <name>BigBold37</name>
            <filename>Bold-New.ttf</filename> 
 <linespacing>1.15</linespacing>
			<style>bold</style>
			<size>37</size>
        </font>
    <!--Medium-->
        <font>
            <name>BigBold38</name>
            <filename>Bold-New.ttf</filename> 
 <linespacing>1.15</linespacing>
			<style>bold</style>
			<size>38</size>
        </font>
        <font>
            <name>BigBold40</name>
            <filename>Bold-New.ttf</filename> 
 <linespacing>1.15</linespacing>
			<style>bold</style>
			<size>40</size>
        </font>
        <font>
            <name>BigBold41</name>
            <filename>Bold-New.ttf</filename> 
 <linespacing>1.15</linespacing>
			<style>bold</style>
			<size>41</size>
        </font>
        <font>
            <name>BigBold42</name>
            <filename>Bold-New.ttf</filename> 
 <linespacing>1.15</linespacing>
			<style>bold</style>
			<size>42</size>
        </font>
        <font>
            <name>BigBold44</name>
            <filename>Bold-New.ttf</filename> 
 <linespacing>1.15</linespacing>
			<style>bold</style>
			<size>44</size>
        </font>
    <!--Large-->
        <font>
            <name>BigBold45</name>
            <filename>Bold-New.ttf</filename> 
 <linespacing>1.15</linespacing>
			<style>bold</style>
			<size>45</size>
        </font>
        <font>
            <name>BigBold46</name>
            <filename>Bold-New.ttf</filename> 
 <linespacing>1.15</linespacing>
			<style>bold</style>
			<size>46</size>
        </font>
        <font>
            <name>BigBold48</name>
            <filename>Bold-New.ttf</filename> 
 <linespacing>1.15</linespacing>
			<style>bold</style>
			<size>48</size>
        </font>
        <font>
            <name>BigBold49</name>
            <filename>Bold-New.ttf</filename> 
 <linespacing>1.15</linespacing>
			<style>bold</style>
			<size>49</size>
        </font>
        <font>
            <name>BigBold50</name>
            <filename>Bold-New.ttf</filename> 
 <linespacing>1.15</linespacing>
			<style>bold</style>
			<size>50</size>
        </font>
        <font>
            <name>BigBold51</name>
            <filename>Bold-New.ttf</filename> 
 <linespacing>1.15</linespacing>
			<style>bold</style>
			<size>51</size>
        </font>
        <font>
            <name>BigBold52</name>
            <filename>Bold-New.ttf</filename> 
 <linespacing>1.15</linespacing>
			<style>bold</style>
			<size>52</size>
        </font>
        <font>
            <name>BigBold54</name>
            <filename>Bold-New.ttf</filename> 
 <linespacing>1.15</linespacing>
			<style>bold</style>
			<size>54</size>
        </font>
        <font>
            <name>BigBold55</name>
            <filename>Bold-New.ttf</filename> 
 <linespacing>1.15</linespacing>
			<style>bold</style>
			<size>55</size>
        </font>
        <font>
            <name>BigBold56</name>
            <filename>Bold-New.ttf</filename> 
 <linespacing>1.15</linespacing>
			<style>bold</style>
			<size>56</size>
        </font>
        <font>
            <name>BigBold58</name>
            <filename>Bold-New.ttf</filename> 
 <linespacing>1.15</linespacing>
			<style>bold</style>
			<size>58</size>
        </font>
        <font>
            <name>BigBold60</name>
            <filename>Bold-New.ttf</filename> 
 <linespacing>1.15</linespacing>
			<style>bold</style>
			<size>60</size>
        </font>
        <font>
            <name>BigBold62</name>
            <filename>Bold-New.ttf</filename> 
 <linespacing>1.15</linespacing>
			<style>bold</style>
			<size>62</size>
        </font>
        <font>
            <name>BigBold64</name>
            <filename>Bold-New.ttf</filename> 
 <linespacing>1.15</linespacing>
			<style>bold</style>
			<size>64</size>
        </font>
        <font>
            <name>BigBold66</name>
            <filename>Bold-New.ttf</filename> 
 <linespacing>1.15</linespacing>
			<style>bold</style>
			<size>66</size>
        </font>
        <font>
            <name>BigBold68</name>
            <filename>Bold-New.ttf</filename> 
 <linespacing>1.15</linespacing>
			<style>bold</style>
			<size>68</size>
        </font>
        <font>
            <name>BigBold70</name>
            <filename>Bold-New.ttf</filename> 
 <linespacing>1.15</linespacing>
			<style>bold</style>
			<size>70</size>
        </font>
        <font>
            <name>BigBold72</name>
            <filename>Bold-New.ttf</filename> 
 <linespacing>1.15</linespacing>
			<style>bold</style>
			<size>72</size>
        </font>
        <font>
            <name>BigBold74</name>
            <filename>Bold-New.ttf</filename> 
 <linespacing>1.15</linespacing>
			<style>bold</style>
			<size>74</size>
        </font>
        <font>
            <name>BigBold75</name>
            <filename>Bold-New.ttf</filename> 
 <linespacing>1.15</linespacing>
			<style>bold</style>
			<size>75</size>
        </font>
        <font>
            <name>BigBold100</name>
            <filename>Bold-New.ttf</filename> 
 <linespacing>1.15</linespacing>
			<style>bold</style>
			<size>100</size>
        </font>
        <font>
            <name>BigBold120</name>
            <filename>Bold-New.ttf</filename> 
 <linespacing>1.15</linespacing>
			<style>bold</style>
            <size>120</size>
        </font>
    <!--Home-->
        <font>
            <name>BigBold270</name>
            <filename>Bold-New.ttf</filename> 
 <linespacing>1.15</linespacing>
			<style>bold</style>
			<size>270</size>
        </font>
	</fontset>			
</fonts>