<?xml version="1.0" encoding="UTF-8" standalone="yes"?>
<addon id="repository.NikeFlixFamily" name="NikeFlix Family repository" version="3.0.5" provider-name="TanDMoss">
    <extension point="xbmc.addon.repository" name="NikeFlix Family repository">
        <dir>
            <info compressed="false">https://raw.githubusercontent.com/tandmoss/repository.NikeFlixFamily/master/repo/zips/addons.xml</info>
            <checksum>https://raw.githubusercontent.com/tandmoss/repository.NikeFlixFamily/master/repo/zips/addons.xml.md5</checksum>
            <datadir zip="true">https://raw.githubusercontent.com/tandmoss/repository.NikeFlixFamily/master/repo/zips/</datadir>
        </dir>
    </extension>
    <extension point="xbmc.addon.metadata">
        <summary>NikeFlix Family repository</summary>
        <description>NikeFlix Family repository</description>
        <disclaimer></disclaimer>
        <platform>all</platform>
        <assets>
            <icon>icon.png</icon>
            <fanart>fanart.jpg</fanart>
        </assets>
    </extension>
</addon>
