<?xml version='1.0' encoding='UTF-8'?>
<shortcuts>
	<!-- all movies -->
	<shortcut>
		<label>31050</label>
		<label2>Movies</label2>
		<defaultID>135</defaultID>
		<icon />
		<thumb />
		<action>ActivateWindow(Videos,videodb://movies/titles/,return)</action>
	</shortcut>
	<!-- recently added movies -->
	<shortcut>
		<label>31127</label>
		<label2>Movies</label2>
		<defaultID>135</defaultID>
		<icon />
		<thumb />
		<action>ActivateWindow(Videos,videodb://recentlyaddedmovies/,return)</action>
	</shortcut>
	<!-- movies in progress -->
	<shortcut>
		<label>31035</label>
		<label2>Movies</label2>
		<defaultID>135</defaultID>
		<icon />
		<thumb />
		<action>ActivateWindow(Videos,special://skin/extras/widgetplaylists/inprogressmovies.xsp,return)</action>
	</shortcut>
	<!-- unwatched movies -->
	<shortcut>
		<label>16101</label>
		<label2>Movies</label2>
		<defaultID>135</defaultID>
		<icon />
		<thumb />
		<action>ActivateWindow(Videos,special://skin/extras/widgetplaylists/unwatchedmovies.xsp,return)</action>
	</shortcut>
	<!-- movie genres -->
	<shortcut>
		<label>135</label>
		<label2>Movies</label2>
		<defaultID>135</defaultID>
		<icon />
		<thumb />
		<action>ActivateWindow(Videos,videodb://movies/genres/,return)</action>
	</shortcut>
	<!-- Movie Sets -->
	<shortcut>
		<label>20434</label>
		<label2>Movies</label2>
		<defaultID>135</defaultID>
		<icon />
		<thumb />
		<action>ActivateWindow(Videos,videodb://movies/sets/,return)</action>
	</shortcut>
	<!-- search movies -->
	<shortcut>
		<label>137</label>
		<label2>Movies</label2>
		<defaultID>137</defaultID>
		<icon />
		<thumb />
		<action>ActivateWindow(1108,return)</action>
	</shortcut>
</shortcuts>
