<?xml version="1.0" encoding="UTF-8" standalone="yes"?>
<addon id="repository.marcelveldt" version="1.0.3" name="Marcelveldt's BETA repository" provider-name="marcelveldt, finkleandeinhorn">
	<requires>
		<import addon="xbmc.addon" version="12.0.0"/>
	</requires>
	<extension point="xbmc.addon.repository" name="Marcelveldt's BETA repository">
		<dir>
			<info compressed="false">https://raw.githubusercontent.com/kodi-community-addons/repository.marcelveldt/master/repository/addons.xml</info>
			<checksum>https://raw.githubusercontent.com/kodi-community-addons/repository.marcelveldt/master/repository/addons.xml.md5</checksum>
			<datadir zip="true">https://raw.githubusercontent.com/kodi-community-addons/repository.marcelveldt/master/repository/</datadir>
		</dir>
		<dir minversion="18.9.700">
			<info compressed="false">https://raw.githubusercontent.com/kodi-community-addons/repository.marcelveldt/master/matrix/addons.xml</info>
			<checksum>https://raw.githubusercontent.com/kodi-community-addons/repository.marcelveldt/master/matrix/addons.xml.md5</checksum>
			<datadir zip="true">https://raw.githubusercontent.com/kodi-community-addons/repository.marcelveldt/master/matrix/</datadir>
		</dir>
		<dir maxversion="18.9.0">
			<info compressed="false">https://raw.githubusercontent.com/kodi-community-addons/repository.marcelveldt/master/olderversions/addons.xml</info>
			<checksum>https://raw.githubusercontent.com/kodi-community-addons/repository.marcelveldt/master/olderversions/addons.xml.md5</checksum>
			<datadir zip="true">https://raw.githubusercontent.com/kodi-community-addons/repository.marcelveldt/master/olderversions/</datadir>
		</dir>
	</extension>
	<extension point="xbmc.addon.metadata">
		<summary lang="en">Kodi repository for beta/test versions of Marcelveldt's addons</summary>
		<description lang="en">Kodi repository for beta/test versions of Marcelveldt's addons, for stable versions please just use the official Kodi repository. This repo is for test/beta versions of my work only</description>
		<platform>all</platform>
		<assets>
			<icon>icon.png</icon>
		</assets>
	</extension>
</addon>
